Id,Name,Price,Quantity
13456,test123,4.5,10
29908,asdf,7,34
31234,aaaa,1,23
63456,test123,4.5,10
81234,aaaa,1,232
91332,bbb,4,52
10986,rl,8,92
11467,rp,7,102
123456,test123,4.5,10
13234,aaaa,12,23
14332,bbrb,42,5
15986,lr,82,9
1667,pr,72,10
174456,test123,4.5,10
18434,aaaa,1,23
19432,bbb,4,5
213456,test123,4.5,10
22608,asdf,7,342
232634,aaaa,1,232
24372,bbb,4,52
256986,rl,8,92
279088,asdf,72,34
282394,aaaa,12,23
293532,bbrb,42,5
309686,lr,82,9
3357,par,472,150
31667,pr,72,13
3467,pir,62,10
1000,Cami,50,45
41332,bbb,10,5
26566,test123,3.5,10
